company_name,round_date
Pankhuri,2021-05-17
GlowRoad,2017-07-24
The Souled Store,2018-11-26
DriveU,
Lazypay,2019-08-01
DailyObjects,2016-01-10
INDMoney,
GroMo,2022-09-06
Voonik,2015-05-14
GIVA Jewellery,2020-11-03
Battery Smart,2022-06-27
Vymo,
LetsVenture,2015-10-19
numberz,2017-07-19
Bulk MRO,2019-09-24
Ninety One,2021-12-22
1K Kirana Bazaar,2021-08-05
Vahdam Teas,2017-11-10
Industrybuying,2015-02-09
Hikersbay,None
Get My Parking,2017-09-12
Superbottoms,2021-01-15
Varthana,2014-08-11
Locus Robotics,2016-06-07
Spoonshot,2020-08-31
Phool,2022-01-31
Unocoin,2020-10-08
Rupifi,2022-01-06
Jai Kisan,2021-05-31
SafexPay,2021-03-30
Pharmarack,2019-06-10
Kenko,2022-02-14
Pureplay Skin Sciences,2018-11-30
Awign,2019-03-08
Bira 91,None
Zolo,2016-07-16
Axio Global,2018-10-01
Aknamed,2020-03-31
CoreStack,2020-03-16
Cytecare,2014-05-21
Recko,2020-04-02
Pathkind Labs,2022-05-20
NeoGrowth,2013-05-22
Breathe Well-Being,2021-08-24
SpotDraft,2022-01-08
Payswiff,2017-06-08
Finova Capital,2017-09-11
Faircent,2016-05-10
CrownIt,2015-05-18
Flickstree,2019-10-01
Auxilo,
Vokal,2018-07-19
Boodmo,2021-10-04
Klub,
Vidooly,2017-05-10
Lybrate,2015-07-08
Leap Scholar,2020-03-03
WebEngage,2020-01-10
Sheroes,2016-08-02
GoBOLT,2018-09-11
Mall91,2019-10-14
ORO Wealth,2018-05-21
ToneTag,2017-09-01
Ascent Health & Wellness Solutions,2016-03-31
Eekifoods,2022-04-11
FableStreet,2019-06-05
Appsmith,2021-10-05
Gourmet Garden,2021-06-14
THB,None
Applicate,None
MoneyOnClick,2021-06-18
Electronic Payment and Services,None
Zupee,2020-03-10
Ace Turtle Services,2017-05-08
SquadStack,None
Matterport,None
Scroll.in,None
Citrus Pay,2012-06-08
Stratasys,1990-12-31
Fitterfly,2022-07-20
Adani Wilmar,
Karbon,2018-06-18
Clove Dental,
Chakr Innovation,2019-04-24
Coverfox,2014-10-17
91Springboard,2017-01-25
Recykal,2022-01-11
Credenc,2021-07-19
Limeroad,2012-10-23
Wed Me Good,2019-04-02
NearBuy,2015-03-11
SMEcorner,2018-05-09
PandoLogic,
Lithium Urban Technologies,2018-04-30
Grab,None
SastaSundar,None
StockGro,2022-01-20
Altigreen,2015-12-28
Power2SME,2012-06-29
Freightwalla,2019-12-11
OMC Power,2013-12-11
Winuall,2022-01-27
Namaste Credit,2018-04-03
NowFloats,2014-05-23
Leixir,2014-08-07
Slurrp Farm,2020-12-04
HungerBox,2018-06-11
Awfis,2015-06-17
Skill Lync,2021-08-03
PickYourTrail,2018-09-07
Qyuki,2012-02-15
Chingari,2021-09-23
Probus Insurance,2021-12-07
Kings Learning,2017-08-28
AvantiLC,2014-12-05
Senseforth,2021-08-12
Kutumb,2021-06-20
Happilo,2021-02-01
Wishup,2021-05-26
Vahan,2021-09-14
Editorji,2018-09-14
SBFC,2017-09-27
Prozo,2022-03-02
Purple Style Labs,2018-05-04
Sleepy Owl,2021-11-12
FitCircle,2020-05-04
Cityfurnish,2019-06-06
Kaleidofin,2019-12-19
SleepyCat,2021-08-12
Eggoz Nutrition,2021-04-17
WeInvest,2018-05-24
Titan,
MyHealthcare,2018-07-31
Happay,2015-07-14
SmartCoin,2020-02-17
Access Healthcare,2013-08-08
Helpshift,2014-06-24
Anchanto,2014-05-06
Fittr,2021-09-23
Wealthy,2021-12-18
Veritas Finance,2016-03-28
Loop Health,2021-09-30
Cube Wealth,2016-09-01
Livguard,2017-10-17
Headfone,2020-12-08
BharatAgri,2021-09-02
FreshMenu,2014-12-08
Unbox Robotics,2021-12-22
OneAssist,2013-10-30
Ummeed Housing Finance,2016-10-17
Tork Motors,None
Pocketpills,None
Rocketium,2021-07-27
Rage Coffee,2021-08-04
Mosaic Wellness,2019-09-13
Hero Future Energies,
CashKaro,2015-11-03
Revolt Motors,
CHARGE+ZONE,2021-10-14
Worxogo,2018-10-16
FinBox,None
Procol,2020-04-13
Religare Health Insurance,
Oxfordcaps,2019-03-26
Fastfox,2017-04-05
Toffee,2019-12-18
Tricog,2016-07-18
Gyandhan,2020-02-25
Lifelong Online,2019-04-20
FloCareer,2021-10-13
Infinite Uptime,2018-06-12
Cure Skin,2022-03-07
Paytm Payments Bank,2017-09-06
Yaantra,2016-09-09
Stockal,2022-04-13
CredR,2015-09-03
TaxiForSure,2013-06-21
Instoried,2021-10-25
Avanse,2013-01-23
HomeCapital,2019-12-01
Good Dot,2021-07-27
ANAROCK,2017-05-29
TagBox,2019-05-09
Isthara,2019-06-25
SuperSplit,2017-06-13
Medfin,2020-11-12
Igenetic,2017-02-28
Unnati,2021-09-16
Aether,
Entero Healthcare,2018-08-01
Magenta Chargegrid,2021-05-20
Colive,2019-03-31
CrowdAnalytix,2019-01-11
Pepperfry,2011-12-12
Navia Life Care,2021-07-08
SnapBizz,2016-01-22
Scentials,2019-06-24
PivotRoots,2018-06-28
Hashnode,2021-08-18
Sim Sim,2019-11-14
Neeman's,2021-07-28
HealthAssure,2019-07-09
MediSage,2022-04-13
Synaptics,
Rays Power Infra,2017-03-31
MySmartPrice,2014-01-06
Sanfe,2021-05-24
MaxWholesale,2020-02-17
Workex,2019-02-02
Rtbrick,2018-10-23
Way2News,2022-06-09
FieldEZ,2014-01-15
Shiprocket 360,2014-09-27
CredRight,2021-09-18
Gnani.ai,None
Clover Ventures,2020-02-13
InnAccel,2017-01-30
Eruvaka Technologies,2013-10-03
Save Solutions,2017-09-19
BlueSemi,2021-10-27
Zumutor,2013-01-01
Addverb,2019-06-27
Haber,2019-01-01
Tookitaki,2019-03-17
Nautilus Mobile,2022-02-03
FlyRobe,2016-08-13
Business Insider,2010-07-28
Freecultr,2011-12-01
MyUpchar,2018-08-28
InstaDApp,2021-06-14
Symbo Insurance,2021-03-04
Stepapp,2019-07-22
Attentive AI,2022-07-12
Cashflo,None
Sanctum,2016-03-21
Biddano,2021-04-22
Healofy,2019-03-20
Waterfield Advisors,2014-03-19
Priority Vendor,2017-08-14
Haptik,2014-09-16
MedTrail,2019-09-13
HolaChef,2015-06-22
Impartus,2015-02-02
Bella Vita Organic,None
Hashtag Loyalty,2021-10-28
Animall,2020-11-18
Invixium,2017-10-27
Videogram,2015-02-09
Hippo Video,2020-09-09
Bolt,2017-08-01
Zefo,2016-11-15
Coding Ninjas,2020-02-11
Truebil,None
Yapi Kredi,
LYNK logistics,2019-02-23
Sarva,2018-06-29
Zeno Health,2018-12-19
Goodbox,2015-11-10
Telrad,2005-06-23
Salesken,2020-03-06
Bonito Designs,2021-08-02
Doceree,2022-04-06
BroEx,2016-06-06
Ripplr,2020-10-29
Foodpanda India,2016-06-01
90+ My Tuition App,2021-05-24
Imarticus,
Quintype,2020-09-01
HotLink,2011-08-09
Velocity Global,2021-04-05
Craftsvilla,2012-04-01
Foresight Group,2017-03-17
Statiq,2022-06-23
Soulfull,2019-09-27
Instamojo,2014-11-13
Perpule,2018-11-14
AssetPlus,2022-04-28
Eupheus,2019-12-10
Brinton Pharmaceuticals,2017-03-30
Zuper,2022-01-21
Otovo,2017-07-10
One Impression,2022-01-06
True Balance,2016-03-29
Skillmatics,2020-12-24
Adpushup,2016-08-09
Sminq,2016-05-12
Wicked Ride,2018-06-22
Clensta,2021-09-03
String Bio,
TartanSense,2021-08-25
Gamezop,2020-07-13
Let's Recycle,2013-01-12
Voylla,2015-09-24
SigTuple,2017-02-09
CrediHealth,2017-04-17
Raw Pressery,2016-02-23
ZebPay,2016-01-06
Svami,2020-10-01
Wellbeing Nutrition,2021-06-17
Svarochi,2017-02-14
Orbo,2020-05-22
EkAnek,2020-09-14
Zarget,2016-11-02
CityKart,2019-01-24
Joveo,2018-02-07
LegalDesk,2022-05-30
Theobroma,2017-03-31
VnF,2021-06-01
BRIDGEi2i,2016-06-01
BangDB,2021-04-07
GramCover,2021-10-05
BGauss,2022-04-27
Niki,2017-04-01
5C Network,2022-03-16
SecureNow,2019-05-15
Sequretek,2017-05-09
Samosa Party,
Shiksha Finance,2018-12-19
PagarBook,2020-10-29
Doxper,2019-08-01
Browntape,2015-04-20
RedCarpetUp,2017-06-21
NuvoEx,2015-04-14
Mad Street Den,2016-06-01
The Whole Truth Foods,2021-07-27
Arré,2016-04-27
SteradianSemi,2020-05-29
Bugworks Research,2018-08-13
DataWeave,2015-04-01
LifeCare Health Partners,
Zvolv,2021-11-22
CrediWatch,2019-10-11
Entri,2022-02-16
Samosa Singh,2019-12-04
RemitGuru,2021-04-29
Happy Loans,2019-04-11
Koye Pharmaceuticals,2015-03-30
Fipola,2021-03-15
Enrich,2010-09-15
Massive Restaurants,2015-06-29
Nestasia,2021-12-15
PepperTap,2015-04-14
Intelligence Node,2015-08-18
MayaData,
ShopX,2018-08-07
HalaPlay,2019-03-18
Simpliwork,2019-04-29
Finity,2017-11-10
KlaySchools,2013-01-01
Fyllo,2020-08-12
Flock Freight,2017-01-01
Hudle,2022-07-06
Dogsee Chew,
Verloop.io,2018-11-16
Revx,2015-08-25
Adlabs Imagica,2013-09-18
Medwell Ventures,2014-04-21
Mihup,2019-04-30
Square Panda,2018-02-27
Absolute Barbecue,2017-11-08
PlayerzPot,2020-10-27
walnut,2021-08-31
Arrivae,2021-12-14
ShoppinPal,2016-07-14
Kamatan,2019-09-17
NxtGen Datacenter,
Locofast,2021-10-05
CallHealth,2015-11-02
Bright LifeCare,2011-11-05
Baby Destination,2021-05-28
AINU,2013-03-20
Sewa Grih RIN Limited,2015-04-24
AnalyticsVidhya,2021-09-20
The Ayurveda Experience,2019-01-29
MarketWolf,2022-07-05
Ascenso,2019-12-20
OnlineTyari,2016-09-14
Bigspoon,2022-08-09
Bombay Shirt Company,2019-11-07
Burger Singh,2018-04-05
TrusTrace,2021-10-14
Marquee Equity,2021-02-17
Recordent,
Faclon Labs,2022-06-08
Housejoy,2015-06-19
WhistleDrive,2018-04-26
StoreKing,2015-01-12
VIVIFI,2019-03-30
Glamyo Health,2021-10-21
OneCode,2021-07-15
Our Food,2022-01-25
Zimmber,2016-07-11
IndiaFilings,2022-01-17
Fable Fintech,2016-11-30
SchoolGuru,2015-10-07
Spoton Logistics,2018-08-24
Reapit,
BookMyForex,2016-03-23
Pocket52,2020-06-02
iBus Networks,2015-12-30
ZunRoof,2020-03-02
Grabhouse,2015-01-28
Zapr,2016-01-14
Smaaash Entertainment,2014-05-08
ShopSe,2022-05-24
CustomFurnish,2015-12-07
Shoptimize,2020-04-20
OnlineSales,2020-11-12
Eyestem,2022-08-08
PeeSafe,2019-10-23
Runnr,2015-06-15
Shippable,2014-11-10
GegaDyne,2021-01-15
Upwards,2018-08-03
DaveAI,2022-05-27
Immuneel,2019-11-20
BalleBaazi,2019-07-01
Astrome,2021-07-19
FabAlley,2016-10-13
Aether Biomedical,2021-08-11
i2e1,2017-04-07
Verzeo,2018-09-10
AdmitKard,2022-04-05
Wmall,2019-02-13
Medkart,2021-11-23
Mech Mocha,2017-04-26
Culture Machine,2014-09-01
EasyRewardz,2017-11-13
Oriano Solar,2017-03-31
Avanti Communications,
Arcion,2022-02-17
EM3 Agri Services,2015-06-02
psbloansin59minutes.com,2018-07-16
GramFactory,2019-09-11
Syook,2021-08-24
Wholesalebox,2018-07-20
The Label Life,2017-11-29
ScoopWhoop,2015-11-17
Fintso,2020-03-14
Be Well Hospitals,2012-01-20
NEETprep,2020-02-05
Synapsica,2021-06-23
Anthem,None
BuildSupply,2018-12-01
GrownOut,2014-10-08
HappyEasyGo,2018-09-03
AbleTo,2013-05-14
Airpay,2017-03-21
Punjab Renewable Energy Systems,2013-09-20
Propstack,2015-06-02
Zimyo,2022-03-03
PayPhi,2020-10-16
Diro,2022-01-18
Trinity Mobility,2020-11-16
Express Clinics,2012-08-17
Univariety,2017-12-19
Affordplan,2016-11-16
Hansel,2018-08-07
Drivezy,2017-10-06
Aureus,2019-02-01
Power Gummies,2022-01-07
Teabox,2015-03-24
Aryadhan,2020-03-05
WelcomeCure,2017-04-03
Mokobara,2022-03-31
Connect India,2015-07-31
Bare Anatomy,2022-04-26
The Beer Cafe,2013-05-15
Settlin,2022-06-20
Allygrow,2015-08-11
Greenway Appliances,2015-12-29
Myra Medicines,2017-04-26
Nat Habit,2020-04-20
Elastic,2012-11-08
Farmley,2022-07-28
ShipsKart,2022-03-16
Online PSB Loans,2018-07-15
Vahak,2022-06-16
Car IQ,2019-06-25
YoloBus,2020-06-08
Broker Network,2021-10-04
Care24,2016-01-13
Captain Zack,2018-10-16
Josh Talks,2022-05-10
Fitternity,2018-03-14
Yepme,2015-01-09
ImmunoACT,2021-11-19
Draup,2022-03-21
Mosambee,2013-09-16
AutoNinja,2015-10-08
Sindhuja Microcredit,2019-03-01
Avenue Growth,2021-09-15
Altum Credo,2018-04-12
Zettata,2016-01-05
Coolberg,2019-09-26
Mukunda Foods,2020-06-16
Loan Frame,2019-12-20
Bolo Live,2022-01-05
Lohono,2021-02-05
LearnApp,2022-05-19
NeoStencil,2017-02-02
Lavelle Networks,2018-04-09
ParallelDots,2022-05-16
Roposo,2015-03-26
AhaGuru,2020-09-10
Absolute Software,None
LinkStreet,2014-12-12
Zentron Labs,2021-01-25
Invictus Oncology,2013-02-09
School Of Accelerated Learning,2020-08-21
TripHobo,2014-06-30
Twixor,2022-05-02
CredAble,2018-04-11
Optimized Electrotech,2019-02-07
Homekraft,2018-06-13
WheelsEMI,2017-03-24
ZappFresh,2018-03-19
Shopalyst,2015-10-02
Ignitarium,2019-06-30
Cancer Clinics,2019-06-03
The Family Doctor,2011-12-07
TurboHire,
MoMAGIC Technologies,2011-08-19
Top Rankers,2022-06-13
Biryani Blues,2015-08-13
Autorox,2017-07-10
FreeWill,-
FlixStock,2020-03-02
Solethreads,2021-03-30
Game IMax,None
Hasiru Dala Innovations,2021-04-21
NLPBots,2021-04-28
Talentedge,
LimeTray,2014-10-01
SarvaGram,
Ovum Hospitals,2016-08-01
BECO,2022-08-09
Rent Alpha,2016-01-15
Wiz,2020-12-09
New Street Technologies,2021-04-23
Khelomore,2020-09-08
Fingerlix,2017-04-05
Ibotta,2013-04-23
SP Robotic Works,2019-01-01
CRIDS,2011-01-01
Goapptiv,2022-06-27
Maverix Platforms,2017-04-05
Lilac Insights,2017-06-05
Gramin Healthcare,2017-04-07
FingPay,2020-03-31
TVFPlay,2015-12-01
Essmart,2018-09-01
Roadrunnr,2015-07-15
Hippocampus,2021-07-05
Isprava,2017-02-03
Swipe Technologies,2014-04-16
Mubble,2015-10-12
Airmed,2016-12-09
Specsmakers,2017-12-15
Neewee,2019-04-15
Symbolab,
4TiGO,2017-05-02
Arata,2021-07-22
Chef's Basket,2015-11-10
NumberMall,2014-09-27
Vajro,2022-01-24
Elevar Sports,2021-08-12
Switch Mobility,
Magnifi,2021-10-07
EdgeTensor,2021-03-09
PiggyRide,None
Proteon Phar,2021-08-10
PrintVenue,
Shortlist,2019-01-29
Ability Games,2011-03-24
Buddy4study,2018-03-01
Barrix Agro Sciences,2015-03-04
Molbio Diagnostics,
Clipapp,2017-12-14
KareXpert,2018-04-13
LetsShave,2018-10-26
IMASTUDENT,2016-12-01
Qtrove,
Little Laureates,2021-06-15
Stranger and Sons,2020-01-10
OncoStem,2017-09-06
Latest One,2015-12-23
Etrio,2020-09-29
QueueBuster,2022-06-13
Better Opinions,
POKKT,2014-07-08
Parentlane,2021-06-18
Ant Farm,2014-08-06
Alivira,
Swajal,2015-08-04
Tessolve Semiconductor,
Deeptek,2022-03-07
iNeuron,2021-12-16
PumPumPum,2022-06-02
Organic Harvest,
CHFL,2018-02-20
Belong,2015-06-01
EasyEcom,2022-01-06
CIEL HR,2022-03-30
HUVIAiR,2022-01-18
Wysh,2019-12-27
Varsity Tutors,2014-05-01
Smart Eye,
Jigsaw Academy,2015-12-04
Growfitter,
Bellatrix Aerospace,2021-06-03
Believe Distribution Services,
USPL World,
Frndly TV,2022-02-28
RforRabbit,2021-08-13
PMaps,2022-04-22
UC Inclusive Credit,2019-06-24
Consure Medical,2012-08-24
TSLC,2021-11-11
Mobile2Win India,
SkinKraft,2020-07-17
MaxCure Hospitals,2017-05-15
Oku Tech,2016-03-31
Qikwell,2014-11-24
AntWorks,2018-07-30
Predible,2018-02-22
TinyOwl,2014-08-01
Jaypore,2016-02-05
RFCL,2018-01-01
Tapits Technologies,2020-03-03
AntWak,2022-07-06
FlintoClass,2020-07-02
White Owl Brewery,
Wow Momo Foods,
It Works,None
Style Baazar,2018-03-07
Zeven,2015-11-17
ClayWorks,2022-03-09
Sayre Therapeutics,2015-06-23
Food Service,2021-02-16
John Jacobs Eyewear,2018-02-04
CREO Tech,2016-01-21
Newspace Research and Technologies,2019-01-11
CoinTribe,
AcadGild,2016-10-16
GabbarDeals,2018-08-01
Vendiman,None
Graphicpop,2017-12-01
Cellix,2015-08-03
LivQuik,2021-09-09
ThePrint,2019-05-10
Pandorum,2017-12-30
Capacite Infraproject,2016-03-09
Ottomate,2019-07-15
Veri5Digital,2019-08-02
StayGlad,2015-11-27
Finbingo,2022-04-09
Quikwallet,2015-03-31
CureJoy,2016-06-14
OfBusiness,2015-09-26
Leap India Food and Logistics,
1-India Family Mart,2017-12-13
KapitalTech,2016-05-03
RealBooks,2022-02-28
Behtar,None
WOW Express,2018-06-11
Manufacton,2017-09-18
Boutique Spirit Brands,2021-08-05
Sparsh Nephrocare,2014-03-27
Aviom,2018-02-05
Seniority,2018-05-25
Invoice Bazaar,2017-10-25
ShieldSquare,2017-10-26
SoOLEGAL,2020-10-20
IncNut Digital,2020-03-24
KNAB Finance,None
TripFactory,2015-07-30
Schedulers Logistics,2014-06-09
Global CP,2014-02-14
Pi DATACENTERS,2016-06-02
Simply Braces,2020-08-13
Innovcare Life Sciences,2015-07-02
Voxelgrids,2021-06-11
Esyasoft,2020-05-12
Quiph,2022-01-27
MeraJob,2014-02-10
Just Dogs,2022-03-02
Flintobox,2017-12-05
Magic Crate,2018-07-10
WudStay,2015-07-07
BluArmor,2019-01-29
EduKart,2014-12-01
ConnectOne Bank,
CapriCoast,2015-12-14
Securens,2014-03-12
Wydr,2016-11-01
Assiduus,2020-09-16
Abundantia Entertainment,2014-03-25
IndInfravit,
Rusk Media,2022-08-16
EnglishEdge,2016-09-19
vPhrase,2019-08-19
Verteil Technologies,2022-01-07
Easypolicy,2016-11-03
Arinna Lifesciences,2015-02-10
Timesaverz ,2015-08-19
Touchtalent,2015-09-30
Qarmatek,2021-12-28
UrbanTouch,2012-01-19
Luker,2019-03-11
Circle,
PokerDangal,2021-01-19
Mynvax,2021-07-07
Adansa Solutions,2022-04-06
Renee Cosmetics,2022-02-11
OpenHouse Realty,2015-11-19
MemeChat,2021-09-30
WeAreHolidays,2014-08-05
EroNKan,2019-02-21
Bharat Rohan,2022-01-27
Mobiquity,2011-03-30
SquarePlums,2017-12-01
Cube Highways,2017-01-01
Ujala Cygnus,2013-02-19
Enterprise Tiger,2019-10-21
Capitaworld,2018-07-16
Earth Rhythm,2022-04-22
GoJavas,2015-03-01
Chillr,2015-12-10
nCORE Games,2022-01-17
Everest Fleet,2022-01-29
Kyte,2021-10-06
Lucro,2020-03-13
emiBazaar,2011-10-01
Olive Theory,2013-05-30
Fourth Frontier,
DosaMatic,2018-09-27
Wishberry,2018-07-13
Onebanc,2020-04-09
Stay Vista,2020-03-05
Entrust Family Office,2018-12-18
Redcliffe Hygiene,2019-10-01
Saltside,2014-06-19
Minjar,2017-09-22
Flexmoney,2021-06-15
Greenvironment India,2019-10-14
HipBar,2018-06-25
Max Protein,2018-04-27
Yumlane,2018-01-23
Fedora Pharma,
YUHI STUDIO,None
Fastfilmz,2017-01-01
Qureka Lite,None
B.LAB,2013-06-06
The Education Alliance,-
Happydemics,2018-10-03
Bookeventz,2019-01-31
TradeLab,2014-10-28
Gadgetwood eServices,2016-09-22
Baby Gogo,2016-08-01
Prompt AMCS,2017-10-07
Frshly,2016-01-01
Formcept,2017-06-22
Healwell24,2021-02-04
Pilgrim Quality Solutions,2002-10-03
iTraveller,2015-02-16
California Burrito,2016-09-01
HealthSignz,2017-11-20
Ineda Systems,2013-04-26
VelvetCase,2016-06-28
Radiowalla,2012-01-31
EZMall,2018-07-01
Indiabulls Pharmaceuticals,
Nova IVI Fertility,2012-10-05
BeYouPlus,2019-10-07
Planet SuperHeroes,2019-04-12
Widex India,1995-10-06
Experion Technologies,None
Gynoveda,2021-06-17
ASAP bars,2018-11-02
DataTorrent,2013-06-26
Teewee Games,None
Shotang,2015-12-17
Allfresh Supply Chain Management,2016-12-14
Smiles.ai,2022-01-23
Sustainable Agro commercial Finance,2011-01-01
Doctor Insta,2016-08-08
KHETHINEXT,2018-02-26
Inthree,2018-08-13
Empays Payment Systems,2013-07-11
Healthmap Solutions,2017-12-21
9stacks,2018-10-01
RozBuzz WeMedia,None
Module Innovations,2020-06-17
Polestar,
Frendy,2022-04-22
GuaRented,2018-12-15
Spectral Insights,2018-05-30
Overcart,2016-07-07
ERC Eye care,2021-04-21
Azania Bank,None
Telluris Biotech India,2019-09-25
Network FP,2022-01-07
Purple Tutor,2022-09-02
Zoomo,2020-08-24
Corvi LED Light,2017-07-25
Plixer,None
Home Dialysis,2014-03-08
RezNext,2014-12-09
Yellowant,2021-11-09
Trezi,2020-04-21
Storia Foods,2021-10-19
GC Aesthetics,
MobiGarage,2022-08-08
Paradise Food Court,2014-08-28
Nao Spirits,2021-01-11
PI Green Innovations,2021-12-16
FrontRow,2021-08-04
HealthifyMe,2016-05-10
Sukkhi Fashion Jewellery,2018-10-17
SS Supply Chain-3SC,
Besharam,2016-01-20
SHUNYA,2019-11-02
QED-it,2019-05-07
MyLoanCare,2018-04-30
Boonbox,2018-07-24
Charmboard,2017-03-28
SmartVizX,2020-02-19
OneBreath,2014-01-28
Akiva Superfoods,2019-07-16
Lipomic Healthcare,2017-07-04
Furtados School of Music,2018-02-01
Kinsane Entertainment,2019-02-05
Kiva,2018-07-20
LegalRaasta,2017-05-12
Nischint,2012-02-27
Wassup,2017-02-11
Janajal,2017-07-08
Ducere,2018-05-10
JewelMaze,2019-08-07
WorkPack,2018-08-01
IndianRoots,2013-01-01
SiliConch,2021-02-24
MonJin,2017-03-22
Fyre Energy  Drink Mix,2019-09-01
Mother Sparsh Baby Care,2021-11-26
MadBow,2022-01-20
Krsnaa Diagnostics,2016-02-25
PayKun,2021-05-25
Iba Cosmetics,2017-08-01
Cygnus Hospitals,
Nueclear,2013-01-21
Stelis Biosource,
Catwalk,2016-05-13
All About Outdoor,2015-12-04
FutureCure Health,2022-03-21
Medecube,2016-03-03
VClinBio,2017-08-07
Skyline Vet Pharma,2017-04-12
Shera Group Private Limited,2015-03-25
Ansìo,2018-12-23
Digiperform,2019-01-09
Perpetuuiti,2020-08-11
Schrocken,2022-01-18
Sagacito,2016-07-18
Urban Platter,2021-11-01
Yaap,2016-07-12
Intech,2018-11-20
RentalCoins,2018-05-05
Nutriglow Cosmetics,2022-06-21
Ruralbasket,2020-12-08
Synctag,2018-01-01
FarmTaaza,2017-04-15
Zink London,2017-06-19
YatraGenie,2015-09-12
Rentickle,2017-12-04
Beldara,2021-03-24
Juvalia & You,2012-06-05
Avita Pharmacy,
DocTalk,2017-11-07
ThugStart,2016-04-01
FinBucket,2017-12-15
BackpackerPanda,2018-02-08
Witlinger,2019-10-01
TrooGood,2021-10-31
iLogix,1998-09-30
RCI Cash Management,2015-12-19
Ethos HR Management,None
Tierra Seed Science,2019-05-30
Murmur,2022-08-09
SuperFan,
Solar Roof Top,2017-01-01
Livve Homes,2021-03-18
Transcell Biologics,2017-04-11
Walk-On's Bistreaux & Bar,
Clinked,
VestaSpace Technology,2020-05-06
Intergrow Brands,2019-10-25
Vidyartha,2012-01-01
Flex Class,2017-04-14
AnyTimeLoan,2018-01-02
Varmora Plastech,2017-03-31
E42,2021-10-26
PressPlay,
GreenJoules,2021-05-28
Loan Singh,2017-02-21
EFRAC,2015-03-24
Midland Microfin,2020-05-05
Campus Students Communities,2016-12-26
DIGITAL MALL OF ASIA,2019-11-19
Lifezen,2015-03-19
Auntie Fung's,2021-08-05
Swipe Telecom,2012-07-25
Vedix,2020-07-14
Scootsy,2017-03-24
PuStack,2021-12-01
Lahori Zeera,2021-12-20
QuaQua,2019-05-16
ProEdge,2017-12-19
Orobind,2015-08-17
EkStop,2013-12-30
Big Fish Ventures,2016-03-10
Southern Health Foods,2015-05-13
Automony,2019-08-09
SafetyKart,2017-04-12
Shopmonkey,2019-08-30
Ecotrail Personal Care,2017-08-30
Hall of Fame Resort and Entertainment,
Zynergy Group,2015-08-19
Frozen Bottle,2022-02-26
NONA Lifestyle,
Exclusife,2017-03-28
Excellence4u,2013-05-28
S-Cube Futuretech,2015-10-14
Infigo Eyecare,2018-08-07
Tejovat,2018-01-01
Gho Agro,2016-11-03
GBMiners,2016-11-08
Medisync,2019-10-21
SUPERMOM MITALI,2018-02-02
AyuSmart Technologies,-
Janyu Technologies,2020-03-19
Fretbox,
Just Clean Rojgar,
Arohan Foods,2013-04-17
Appnit Technologies,2018-10-25
IVF Access,2020-06-03
Makers Hive Innovations,2021-01-27
Aartas,2021-08-06
One Mind,None
Zvesta,2020-02-19
KBI Biopharma,2009-02-01
Alpha Alternatives,2019-03-05
indyFint,2019-12-05
CloudMunch,2012-08-23
Momentz,2017-01-01
Epack Durable,
Trucking Cube,2016-03-14
Sa-Dhan,None
Ace Digitech,1999-12-29
Orchard Estate,2017-01-01
Avity Agrotech,
Ensatus Technology India Private Limited,2013-09-17
Heptagon,None
SmartPrep,2012-11-01
Bazar India,2021-12-31
Baker Street Scienti?c,
Techbooze,None
Yapanbio,
FunOnGo,2016-11-09
Clarity Money,2017-03-23
Zaara Biotech,2021-01-01
vSplash,None
Stelling Cyber Systems,None
Prothom Industries,2015-07-31
Janus Technologies,
Mr. Cabie,-
Maroosh,2014-03-20
ZyFin,-
Vidya Robotics,2017-09-08
Recapita Finance,2020-04-25
Omkar Clean Energy,2014-07-01
Phable,2021-01-22
Nilgai Foods,None
mSupply,2015-01-01
Advanced Structures,2016-04-21
Infinite Wellness,None
Arraystorm Lighting,2014-07-09
ASLAN Pharmaceuticals,2011-04-26
MoNeed Technical Service,2019-07-22
Rising Sun Energy,2020-04-03
Tilla,None
MAD Studios,2012-04-12
Fast Track Housing  Finance,2018-09-05
EasyFi,None
ProPhysio,2019-09-05
Tranzact,2021-11-02
VawWorld,2016-10-13
HOPPR,None
MN BIO-TECHNOLOGY,-
Razorpay,None
Swiggy,2015-02-06
NoBroker,2015-02-20
Delhivery,2012-04-02
Unacademy,2017-01-13
ShipRocket,2014-09-27
Boat Lifestyle,
Nykaa,2014-07-02
cult.fit,2016-06-09
DeHaat,
Groww,2019-01-23
Meesho,2017-10-05
Urban Company,2015-06-29
Shadowfax,2015-08-28
BharatPe,2019-02-01
Milkbasket,2018-05-21
PharmEasy,2015-01-01
Niyo,2018-01-09
MyGlamm,2016-04-07
bigbasket,2012-02-15
KhataBook,2019-09-30
Blinkit,2015-02-27
Moglix,2016-10-04
ShareChat,2016-11-12
CoinSwitch,2021-01-13
WayCool,None
Classplus,2020-04-28
Rebel Foods,2012-11-06
GoMechanic,2018-06-05
Square Yards,2016-11-09
udaan,2016-11-23
Mamaearth,2018-09-01
upGrad,2021-04-14
Rapido,2018-03-08
Cashify,2017-07-06
Dunzo,None
Clear,2016-06-17
Apna,2020-08-31
BYJU'S,None
smallcase,2018-07-01
Vedantu,2015-05-07
Turtlemint,2016-12-23
LEAD School,2018-12-21
Rupeek,2017-01-25
M2P Fintech,2020-03-23
Licious,2016-04-22
Spinny,2019-02-27
Trell,2020-08-17
MediBuddy,2011-07-06
Pocket FM,2020-04-21
OYO,2015-03-25
Digit Insurance,
CARS24,2015-11-25
FamPay,2021-06-15
InCred,2016-08-22
Upstox,2016-01-21
MPL,2018-06-06
ACKO,2017-06-28
Lendingkart,None
Pickrr,2020-09-12
ElasticRun,2017-03-31
HealthKart,2011-12-22
BetterPlace,2018-02-16
KredX,2016-10-25
WinZO,2019-02-13
Ola Electric,2019-02-26
Impact Guru,2018-04-07
Ather Energy,2015-03-30
Simple Site,
Tracxn,None
Fraazo,2021-07-02
MindTickle,2015-11-19
1mg,2015-04-20
OneScore,2020-04-15
Pratilipi,2018-02-05
Bizongo,2016-09-08
Mfine,2018-03-29
Infra.Market,2019-12-02
Zoomcar,None
Arzooo,2020-03-18
HomeLane,2015-01-16
CoinDCX,2020-03-24
WakeFit,2018-12-11
slice,2017-07-17
Glance,2019-09-10
Netmeds.com,2015-05-02
Whatfix,2017-04-04
Ninjacart,2015-08-21
Zypp Electric,2021-03-30
Zeta,2016-01-19
MedGenome,2014-06-04
Zopper,2013-01-25
LetsTransport,None
Chalo,2017-06-01
ZestMoney,2016-12-07
Park Plus,2019-12-23
Happiest Minds,2011-11-15
Zetwerk,2019-03-08
Yulu Bikes,None
Purplle,2015-01-05
ShopKirana,2018-09-13
InShorts,2015-02-16
Vogo,2018-04-18
Porter,2015-06-10
Spice Money,2006-11-28
LivSpace,2014-12-17
ToothSi,2021-01-08
EarlySalary,2017-05-10
Jupiter,2019-10-31
Furlenco,None
InterviewBit,2020-01-28
TenderCuts,2021-02-06
Bijnis,2020-07-18
OLA Money,
Wysa,2020-10-06
BlackBuck,2015-08-01
RenewBuy,-
CleanMax,2015-07-21
DarwinBox,2017-06-13
Zivame,2012-03-14
DealShare,2019-04-17
Bobble AI,2015-09-30
,None
UrbanPiper,2019-09-30
Vyapar,2019-09-03
BeatO,2019-09-05
Indifi,2015-09-28
Vivriti Capital,2018-12-19
Exotel,2012-03-23
Lido,2019-05-23
XpressBees,2015-11-05
Pristyn Care,2019-01-29
FreshToHome Foods,2017-01-27
PhysicsWallah,2022-06-07
Ecom Express,2014-08-04
Stanza Living,2018-09-25
Medikabazaar,2018-09-24
Xoxoday,2022-02-23
IntrCity SmartBus,
Cashfree Payments,2019-04-09
Testbook,2017-03-31
Melorra,2017-05-26
CollegeDekho,2018-02-02
Cuemath,2016-03-14
BlueStone,2012-01-24
Eightfold,2017-09-01
WorkIndia,2019-02-28
MX Player,2019-10-29
Servify,2016-11-01
OneCard,2019-07-12
Moonfrog Labs,2015-03-11
Ayu Health,2021-05-20
MyGate,2017-06-02
IndiQube,2018-06-05
Scripbox,2015-05-25
magicpin,2015-08-21
Talview,2019-05-24
DailyRounds,2016-06-17
BigHaat,
Ftcash,2019-05-02
Fisdom,2016-10-05
Country Delight,
SUGAR Cosmetics,2019-01-31
LocoNav,2017-10-23
Healthians,2016-10-24
FlexiLoans,
PlaySimple,2016-11-11
Hasura,2020-02-26
Doubtnut,2020-01-18
Portea,2013-12-02
Smytten,2021-08-24
Ezetap,2012-08-15
LambdaTest,2020-11-16
MoneyTap,2017-06-13
PlayShifu,2019-07-24
RailYatri,2016-04-25
SuperZop,2021-09-20
Living Food,2022-01-05
Samunnati,2017-02-02
Goodera,2016-08-18
BluSmart,2021-04-17
Fynd,2015-12-14
Captain Fresh,2021-07-15
Bombay Shaving Company,2018-07-20
FabHotels,2016-06-28
Disprz,2018-03-30
Rentomojo,2016-07-13
OZiva,2020-06-25
Mylo,2020-03-04
JusPay,2015-12-16
Log9 Materials,2019-10-12
LendenClub,2021-12-07
Oxyzo,2022-03-23
Leena AI,2020-11-02
Kuku FM,2020-01-04
Redcliffe Labs,2021-03-01
Cogoport,2017-12-12
Atomberg,2019-09-04
Hopscotch,
Bombay Play,2022-04-04
Itilite,2018-10-26
Money View,2015-04-20
Wooden Street,2018-06-16
DaMENSCH,2020-11-10
Lokal,2019-10-10
Leverage Edu,2021-02-18
Quick Ride,-
Livpure,2013-07-26
Unicommerce,2014-11-07
Embibe,2014-02-13
Rooter,2022-01-12
PropTiger,2012-04-20
Quantiphi,2019-12-20
Ultrahuman,2019-12-11
Progcap,2019-07-31
Quizizz,2018-08-09
LeadSquared,2019-05-14
BabyChakra,2016-01-09
Toppr,2014-05-24
Curefoods,2021-08-25
KreditBee,2017-01-01
Facilio,2018-12-06
Airmeet,2020-09-15
Kuvera,2019-03-23
RapidBox,2022-03-23
NewsBytes,2020-04-28
Mintifi,2019-05-09
Plum,2018-08-20
Hevo,2020-07-29
EazyDiner,2015-08-25
Credgenics,2021-07-26
Kissht,2017-06-22
Skit,2020-04-24
Cityflo,2019-12-30
Jumbotail,None
Increff,None
Urban Ladder,2013-11-18
SAMCO,None
Bewakoof,None
DocsApp,None
NestAway,2015-02-23
Propelld,None
Open Secret,2021-07-16
Qure.ai,None
JetSynthesys,2015-04-27
AgniKul,2021-05-19
Care Health Insurance,None
Biryani By Kilo,2019-06-17
CoutLoot,None
IndiaLends,None
Miko,2019-08-13
Newton School,None
Euler Motors,2020-01-29
Yoga Bar,None
Adonmo,2022-01-28
Jugnoo,2015-06-05
Zaggle,2022-05-18
DrinkPrime,None
GetMega,None
Grameen Koota,2009-01-01
Stellapps,2017-03-16
Avail Finance,None
Indus OS,2016-01-19
Clovia,None
Bounce,2022-04-26
Vauld,2021-07-29
WhiteHat Jr,2019-08-30
Gramophone,2019-04-10
Financepeer,2020-06-24
Active.Ai,2016-11-14
Stashfin,2020-03-19
your-space,2020-02-24
StanPlus,2022-01-24
Excitel,
Waahjobs,2015-11-04
Treebo Hotels,2015-06-15
The Moms Co,None
GPS Renewables,2020-09-30
ePayLater,2021-08-20
MCaffeine,None
Pitstop,None
Saveo,None
Sterling Accuris Diagnostics,None
Box8,None
Tripoto,None
Intello Labs,None
Pepper Content,None
WeRize,2019-01-12
CreditVidya,2016-06-08
Blowhorn,2017-02-16
Anunta,2013-01-24
Brick&Bolt,2020-08-27
SuperGaming,2021-08-26
Niramai,2018-11-27
NODWIN Gaming,2020-03-25
Simility,
Virohan,2020-07-17
Kinara Capital,2013-04-10
BYJU'S Exam Prep,2015-09-11
Pocket Aces,2016-11-28
XYXX,2021-06-09
Prayosha Food Services,2020-02-10
Shipsy,2020-11-09
Dozee,2021-03-27
FloBiz,2020-11-11
Ultraviolette,2018-08-08
Biconomy,2021-07-28
Kristal,2019-12-01
Sirona,2021-03-18
Amaha,2021-02-04
ZipLoan,2017-10-17
Faasos,2011-01-01
Scaler,
Mswipe,2012-12-01
KrazyBee,2017-01-01
Juicy Chemistry,2019-09-25
Revv,2016-12-07
Ashoka Concessions,None
Medlife,2019-04-11
Rivigo,2015-04-22
Chaayos,2015-05-15
EKincare,2017-12-11
Convosight,2021-06-14
Tata Digital Health,2010-09-01
CORE Diagnostics,2013-01-01
HealthPlix,2018-07-31
Finnable,2021-04-30
LoveLocal,2019-10-11
SmartWorks,2017-07-14
Questt,2021-10-21
Pure Romance,None
Aye Finance,None
Satyamicrocapital,None
Magzter,2012-01-01
CreditMantri,2015-05-19
Cygni Energy,2018-08-16
IDfy,2017-12-23
Zostel,2015-07-15
Little Black Book,2019-04-03
Novopay,2015-01-28
OkCredit,2019-06-10
Drip Capital,2017-01-01
Truemeds,2021-03-23
Lohum,2020-03-19
Skyroot,2021-05-20
LogiNext,2015-09-22
Riskcovry,None
MyShubhLife,2018-08-24
Daalchini,2022-09-07
EnKash,2019-04-18
AgNext,2021-08-19
Signzy,2018-11-06
Foyr,2015-05-26
PaySense,2016-12-21
HCA,
Blue Tokai Coffee,2019-05-22
Kapiva,2020-12-31
mPokket,2019-11-26
Setu,2020-04-14
Design Cafe,
Oye Rickshaw,2020-01-25
Hello English,2015-02-27
SilverPush,
FarMart,2021-10-21
PropertyShare,2019-01-22
Pixxel,2021-04-14
Fleetx,2019-08-16
NopaperForms,
Easebuzz,2021-03-31
Crofarm,2021-07-16
Flipspaces,2018-12-14
GetVantage,2022-06-24
CASHe,2017-04-01
NirogStreet,2021-07-22
TrulyMadly,2015-03-02
Snapmint,2021-11-19
Ergos,2020-03-30
Fyle,2018-11-21
Sunstone,2020-07-13
Freyr Energy,2018-11-26
Epigamia,2016-07-21
CloudSEK,2021-11-22
Lentra,2019-11-21
Third Wave Coffee Roasters,2022-05-04
Practically,2019-08-23
PlanetSpark,2021-02-10
FirstMeridian,2018-07-13
Fincare Business Services,2015-01-08
LoanTap,2016-08-29
EHFL,2021-06-18
Bikayi,2021-09-03
SaaS Labs,2021-03-10
TheMathCompany,2022-01-13
Shop101,2018-07-11
Adda247,2016-11-12
Housr,2019-12-12
SUN Mobility,2019-05-31
Load Share,2018-03-28
GOQii,2015-11-12
Little Internet,2015-07-29
Droom,2015-07-30
DotPe,2021-03-26
Soothe Healthcare,2016-05-17
Nuance,
POPxo,2015-11-06
FAB BAG,2017-05-04
Magma HDI General Insurance,
Masai School,2021-03-25
Smart Joules,2021-03-17
M1xchange,2019-01-23
Entropik Tech,2020-08-04
Detect Technologies,2018-10-31
Daily Ninja,2017-12-01
Leap Finance,2020-03-03
Genworks Health,
Chqbook,2020-02-25
Freight Tiger,2019-03-26
Collpoll,2021-08-05
Emiza,2017-03-21
Airblack,2021-05-01
Bijak,2020-03-21
CredAvenue,2021-09-29
Ketto,
O4S,2021-07-19
